ticker_code,stock_code,stock_name,market
1101.TW,1101,台泥,TWSE
1102.TW,1102,亞泥,TWSE
1103.TW,1103,嘉泥,TWSE
1104.TW,1104,環泥,TWSE
1108.TW,1108,幸福,TWSE
1109.TW,1109,信大,TWSE
1110.TW,1110,東泥,TWSE
1201.TW,1201,味全,TWSE
1203.TW,1203,味王,TWSE
1210.TW,1210,大成,TWSE
1213.TW,1213,大飲,TWSE
1215.TW,1215,卜蜂,TWSE
1216.TW,1216,統一,TWSE
1217.TW,1217,愛之味,TWSE
1218.TW,1218,泰山,TWSE
1219.TW,1219,福壽,TWSE
1220.TW,1220,台榮,TWSE
1225.TW,1225,福懋油,TWSE
1227.TW,1227,佳格,TWSE
1229.TW,1229,聯華,TWSE
1231.TW,1231,聯華食,TWSE
1232.TW,1232,大統益,TWSE
1233.TW,1233,天仁,TWSE
1234.TW,1234,黑松,TWSE
1235.TW,1235,興泰,TWSE
1236.TW,1236,宏亞,TWSE
1240.TW,1240,茂生農經,TPEx
1256.TW,1256,鮮活果汁-KY,TWSE
1259.TW,1259,安心,TPEx
1264.TW,1264,德麥,TPEx
1268.TW,1268,漢來美食,TPEx
1294.TW,1294,漢田生技,TPEx
1295.TW,1295,生合,TPEx
1301.TW,1301,台塑,TWSE
1303.TW,1303,南亞,TWSE
1304.TW,1304,台聚,TWSE
1305.TW,1305,華夏,TWSE
1307.TW,1307,三芳,TWSE
1308.TW,1308,亞聚,TWSE
1309.TW,1309,台達化,TWSE
1310.TW,1310,台苯,TWSE
1312.TW,1312,國喬,TWSE
1313.TW,1313,聯成,TWSE
1314.TW,1314,中石化,TWSE
1315.TW,1315,達新,TWSE
1316.TW,1316,上曜,TWSE
1319.TW,1319,東陽,TWSE
1321.TW,1321,大洋,TWSE
1323.TW,1323,永裕,TWSE
1324.TW,1324,地球,TWSE
1325.TW,1325,恆大,TWSE
1326.TW,1326,台化,TWSE
1336.TW,1336,台翰,TPEx
1337.TW,1337,再生-KY,TWSE
1338.TW,1338,廣華-KY,TWSE
1339.TW,1339,昭輝,TWSE
1340.TW,1340,勝悅-KY,TWSE
1341.TW,1341,富林-KY,TWSE
1342.TW,1342,八貫,TWSE
1402.TW,1402,遠東新,TWSE
1409.TW,1409,新纖,TWSE
1410.TW,1410,南染,TWSE
1413.TW,1413,宏洲,TWSE
1414.TW,1414,東和,TWSE
1416.TW,1416,廣豐,TWSE
1417.TW,1417,嘉裕,TWSE
1418.TW,1418,東華,TWSE
1419.TW,1419,新紡,TWSE
1423.TW,1423,利華,TWSE
1432.TW,1432,大魯閣,TWSE
1434.TW,1434,福懋,TWSE
1435.TW,1435,中福,TWSE
1436.TW,1436,華友聯,TWSE
1437.TW,1437,勤益控,TWSE
1438.TW,1438,三地開發,TWSE
1439.TW,1439,雋揚,TWSE
1440.TW,1440,南紡,TWSE
1441.TW,1441,大東,TWSE
1442.TW,1442,名軒,TWSE
1443.TW,1443,立益物流,TWSE
1444.TW,1444,力麗,TWSE
1445.TW,1445,大宇,TWSE
1446.TW,1446,宏和,TWSE
1447.TW,1447,力鵬,TWSE
1449.TW,1449,佳和,TWSE
1451.TW,1451,年興,TWSE
1452.TW,1452,宏益,TWSE
1453.TW,1453,大將,TWSE
1454.TW,1454,台富,TWSE
1455.TW,1455,集盛,TWSE
1456.TW,1456,怡華,TWSE
1457.TW,1457,宜進,TWSE
1459.TW,1459,聯發,TWSE
1460.TW,1460,宏遠,TWSE
1463.TW,1463,強盛新,TWSE
1464.TW,1464,得力,TWSE
1465.TW,1465,偉全,TWSE
1466.TW,1466,聚隆,TWSE
1467.TW,1467,南緯,TWSE
1468.TW,1468,昶和,TWSE
1470.TW,1470,大統新創,TWSE
1471.TW,1471,首利,TWSE
1472.TW,1472,三洋實業,TWSE
1473.TW,1473,台南,TWSE
1474.TW,1474,弘裕,TWSE
1475.TW,1475,業旺,TWSE
1476.TW,1476,儒鴻,TWSE
1477.TW,1477,聚陽,TWSE
1503.TW,1503,士電,TWSE
1504.TW,1504,東元,TWSE
1506.TW,1506,正道,TWSE
1512.TW,1512,瑞利,TWSE
1513.TW,1513,中興電,TWSE
1514.TW,1514,亞力,TWSE
1515.TW,1515,力山,TWSE
1516.TW,1516,川飛,TWSE
1517.TW,1517,利奇,TWSE
1519.TW,1519,華城,TWSE
1521.TW,1521,大億,TWSE
1522.TW,1522,堤維西,TWSE
1524.TW,1524,耿鼎,TWSE
1525.TW,1525,江申,TWSE
1526.TW,1526,日馳,TWSE
1527.TW,1527,鑽全,TWSE
1528.TW,1528,恩德,TWSE
1529.TW,1529,樂事綠能,TWSE
1530.TW,1530,亞崴,TWSE
1531.TW,1531,高林股,TWSE
1532.TW,1532,勤美,TWSE
1533.TW,1533,車王電,TWSE
1535.TW,1535,中宇,TWSE
1536.TW,1536,和大,TWSE
1537.TW,1537,廣隆,TWSE
1538.TW,1538,正峰,TWSE
1539.TW,1539,巨庭,TWSE
1540.TW,1540,喬福,TWSE
1541.TW,1541,錩泰,TWSE
1558.TW,1558,伸興,TWSE
1560.TW,1560,中砂,TWSE
1563.TW,1563,巧新,TWSE
1565.TW,1565,精華,TPEx
1568.TW,1568,倉佑,TWSE
1569.TW,1569,濱川,TPEx
1570.TW,1570,力肯,TPEx
1580.TW,1580,新麥,TPEx
1582.TW,1582,信錦,TWSE
1583.TW,1583,程泰,TWSE
1584.TW,1584,精剛,TPEx
1586.TW,1586,和勤,TPEx
1587.TW,1587,吉茂,TWSE
1589.TW,1589,永冠-KY,TWSE
1590.TW,1590,亞德客-KY,TWSE
1591.TW,1591,駿吉-KY,TPEx
1593.TW,1593,祺驊,TPEx
1595.TW,1595,川寶,TPEx
1597.TW,1597,直得,TWSE
1598.TW,1598,岱宇,TWSE
1599.TW,1599,宏佳騰,TPEx
1603.TW,1603,華電,TWSE
1604.TW,1604,聲寶,TWSE
1605.TW,1605,華新,TWSE
1608.TW,1608,華榮,TWSE
1609.TW,1609,大亞,TWSE
1611.TW,1611,中電,TWSE
1612.TW,1612,宏泰,TWSE
1614.TW,1614,三洋電,TWSE
1615.TW,1615,大山,TWSE
1616.TW,1616,億泰,TWSE
1617.TW,1617,榮星,TWSE
1618.TW,1618,合機,TWSE
1623.TW,1623,大東電,TWSE
1626.TW,1626,艾美特-KY,TWSE
1702.TW,1702,南僑,TWSE
1707.TW,1707,葡萄王,TWSE
1708.TW,1708,東鹼,TWSE
1709.TW,1709,和益,TWSE
1710.TW,1710,東聯,TWSE
1711.TW,1711,永光,TWSE
1712.TW,1712,興農,TWSE
1713.TW,1713,國化,TWSE
1714.TW,1714,和桐,TWSE
1717.TW,1717,長興,TWSE
1718.TW,1718,中纖,TWSE
1720.TW,1720,生達,TWSE
1721.TW,1721,三晃,TWSE
1722.TW,1722,台肥,TWSE
1723.TW,1723,中碳,TWSE
1725.TW,1725,元禎,TWSE
1726.TW,1726,永記,TWSE
1727.TW,1727,中華化,TWSE
1730.TW,1730,花仙子,TWSE
1731.TW,1731,美吾華,TWSE
1732.TW,1732,毛寶,TWSE
1733.TW,1733,五鼎,TWSE
1734.TW,1734,杏輝,TWSE
1735.TW,1735,日勝化,TWSE
1736.TW,1736,喬山,TWSE
1737.TW,1737,臺鹽,TWSE
1742.TW,1742,台蠟,TPEx
1752.TW,1752,南光,TWSE
1760.TW,1760,寶齡富錦,TWSE
1762.TW,1762,中化生,TWSE
1773.TW,1773,勝一,TWSE
1776.TW,1776,展宇,TWSE
1777.TW,1777,生泰,TPEx
1781.TW,1781,合世,TPEx
1783.TW,1783,和康生,TWSE
1784.TW,1784,訊聯,TPEx
1785.TW,1785,光洋科,TPEx
1786.TW,1786,科妍,TWSE
1788.TW,1788,杏昌,TPEx
1789.TW,1789,神隆,TWSE
1795.TW,1795,美時,TWSE
1796.TW,1796,金穎生技,TPEx
1799.TW,1799,易威,TPEx
1802.TW,1802,台玻,TWSE
1805.TW,1805,寶徠,TWSE
1806.TW,1806,冠軍,TWSE
1808.TW,1808,潤隆,TWSE
1809.TW,1809,中釉,TWSE
1810.TW,1810,和成,TWSE
1813.TW,1813,寶利徠,TPEx
1815.TW,1815,富喬,TPEx
1817.TW,1817,凱撒衛,TWSE
1903.TW,1903,士紙,TWSE
1904.TW,1904,正隆,TWSE
1905.TW,1905,華紙,TWSE
1906.TW,1906,寶隆,TWSE
1907.TW,1907,永豐餘,TWSE
1909.TW,1909,榮成,TWSE
2002.TW,2002,中鋼,TWSE
2006.TW,2006,東和鋼鐵,TWSE
2007.TW,2007,燁興,TWSE
2008.TW,2008,高興昌,TWSE
2009.TW,2009,第一銅,TWSE
2010.TW,2010,春源,TWSE
2012.TW,2012,春雨,TWSE
2013.TW,2013,中鋼構,TWSE
2014.TW,2014,中鴻,TWSE
2015.TW,2015,豐興,TWSE
2017.TW,2017,官田鋼,TWSE
2020.TW,2020,美亞,TWSE
2022.TW,2022,聚亨,TWSE
2023.TW,2023,燁輝,TWSE
2024.TW,2024,志聯,TWSE
2025.TW,2025,千興,TWSE
2027.TW,2027,大成鋼,TWSE
2028.TW,2028,威致,TWSE
2029.TW,2029,盛餘,TWSE
2030.TW,2030,彰源,TWSE
2031.TW,2031,新光鋼,TWSE
2032.TW,2032,新鋼,TWSE
2033.TW,2033,佳大,TWSE
2034.TW,2034,允強,TWSE
2035.TW,2035,唐榮公司,TPEx
2038.TW,2038,海光,TWSE
2049.TW,2049,上銀,TWSE
2059.TW,2059,川湖,TWSE
2061.TW,2061,風青,TPEx
2062.TW,2062,橋椿,TWSE
2063.TW,2063,世鎧精密,TPEx
2064.TW,2064,晉椿,TPEx
2065.TW,2065,世豐,TPEx
2066.TW,2066,世德,TPEx
2067.TW,2067,嘉鋼,TPEx
2069.TW,2069,運錩,TWSE
2070.TW,2070,精湛,TPEx
2072.TW,2072,世紀風電,TWSE
2073.TW,2073,雄順,TPEx
2101.TW,2101,南港,TWSE
2102.TW,2102,泰豐,TWSE
2103.TW,2103,台橡,TWSE
2104.TW,2104,國際中橡,TWSE
2105.TW,2105,正新,TWSE
2106.TW,2106,建大,TWSE
2107.TW,2107,厚生,TWSE
2108.TW,2108,南帝,TWSE
2109.TW,2109,華豐,TWSE
2114.TW,2114,鑫永銓,TWSE
2115.TW,2115,六暉-KY,TWSE
2201.TW,2201,裕隆,TWSE
2204.TW,2204,中華,TWSE
2206.TW,2206,三陽工業,TWSE
2207.TW,2207,和泰車,TWSE
2208.TW,2208,台船,TWSE
2211.TW,2211,長榮鋼,TWSE
2221.TW,2221,大甲,TPEx
2227.TW,2227,裕日車,TWSE
2228.TW,2228,劍麟,TWSE
2230.TW,2230,泰茂,TPEx
2231.TW,2231,為升,TWSE
2233.TW,2233,宇隆,TWSE
2235.TW,2235,謚源,TPEx
2236.TW,2236,百達-KY,TWSE
2239.TW,2239,英利-KY,TWSE
2241.TW,2241,艾姆勒,TWSE
2243.TW,2243,宏旭-KY,TWSE
2247.TW,2247,汎德永業,TWSE
2248.TW,2248,華勝-KY,TWSE
2250.TW,2250,IKKA-KY,TWSE
2254.TW,2254,巨鎧精密-創,TWSE
2258.TW,2258,鴻華先進-創,TWSE
2301.TW,2301,光寶科,TWSE
2302.TW,2302,麗正,TWSE
2303.TW,2303,聯電,TWSE
2305.TW,2305,全友,TWSE
2308.TW,2308,台達電,TWSE
2312.TW,2312,金寶,TWSE
2313.TW,2313,華通,TWSE
2314.TW,2314,台揚,TWSE
2316.TW,2316,楠梓電,TWSE
2317.TW,2317,鴻海,TWSE
2321.TW,2321,東訊,TWSE
2323.TW,2323,中環,TWSE
2324.TW,2324,仁寶,TWSE
2327.TW,2327,國巨*,TWSE
2328.TW,2328,廣宇,TWSE
2329.TW,2329,華泰,TWSE
2330.TW,2330,台積電,TWSE
2331.TW,2331,精英,TWSE
2332.TW,2332,友訊,TWSE
2337.TW,2337,旺宏,TWSE
2338.TW,2338,光罩,TWSE
2340.TW,2340,台亞,TWSE
2342.TW,2342,茂矽,TWSE
2344.TW,2344,華邦電,TWSE
2345.TW,2345,智邦,TWSE
2347.TW,2347,聯強,TWSE
2348.TW,2348,海悅,TWSE
2349.TW,2349,錸德,TWSE
2351.TW,2351,順德,TWSE
2352.TW,2352,佳世達,TWSE
2353.TW,2353,宏碁,TWSE
2354.TW,2354,鴻準,TWSE
2355.TW,2355,敬鵬,TWSE
2356.TW,2356,英業達,TWSE
2357.TW,2357,華碩,TWSE
2359.TW,2359,所羅門,TWSE
2360.TW,2360,致茂,TWSE
2362.TW,2362,藍天,TWSE
2363.TW,2363,矽統,TWSE
2364.TW,2364,倫飛,TWSE
2365.TW,2365,昆盈,TWSE
2367.TW,2367,燿華,TWSE
2368.TW,2368,金像電,TWSE
2369.TW,2369,菱生,TWSE
2371.TW,2371,大同,TWSE
2373.TW,2373,震旦行,TWSE
2374.TW,2374,佳能,TWSE
2375.TW,2375,凱美,TWSE
2376.TW,2376,技嘉,TWSE
2377.TW,2377,微星,TWSE
2379.TW,2379,瑞昱,TWSE
2380.TW,2380,虹光,TWSE
2382.TW,2382,廣達,TWSE
2383.TW,2383,台光電,TWSE
2385.TW,2385,群光,TWSE
2387.TW,2387,精元,TWSE
2388.TW,2388,威盛,TWSE
2390.TW,2390,云辰,TWSE
2392.TW,2392,正崴,TWSE
2393.TW,2393,億光,TWSE
2395.TW,2395,研華,TWSE
2397.TW,2397,友通,TWSE
2399.TW,2399,映泰,TWSE
2401.TW,2401,凌陽,TWSE
2402.TW,2402,毅嘉,TWSE
2404.TW,2404,漢唐,TWSE
2405.TW,2405,輔信,TWSE
2406.TW,2406,國碩,TWSE
2408.TW,2408,南亞科,TWSE
2409.TW,2409,友達,TWSE
2412.TW,2412,中華電,TWSE
2413.TW,2413,環科,TWSE
2414.TW,2414,精技,TWSE
2415.TW,2415,錩新,TWSE
2417.TW,2417,圓剛,TWSE
2419.TW,2419,仲琦,TWSE
2420.TW,2420,新巨,TWSE
2421.TW,2421,建準,TWSE
2423.TW,2423,固緯,TWSE
2424.TW,2424,隴華,TWSE
2425.TW,2425,承啟,TWSE
2426.TW,2426,鼎元,TWSE
2427.TW,2427,三商電,TWSE
2428.TW,2428,興勤,TWSE
2429.TW,2429,銘旺科,TWSE
2430.TW,2430,燦坤,TWSE
2431.TW,2431,聯昌,TWSE
2432.TW,2432,倚天酷碁-創,TWSE
2433.TW,2433,互盛電,TWSE
2434.TW,2434,統懋,TWSE
2436.TW,2436,偉詮電,TWSE
2438.TW,2438,翔耀,TWSE
2439.TW,2439,美律,TWSE
2440.TW,2440,太空梭,TWSE
2441.TW,2441,超豐,TWSE
2442.TW,2442,新美齊,TWSE
2444.TW,2444,兆勁,TWSE
2449.TW,2449,京元電子,TWSE
2450.TW,2450,神腦,TWSE
2451.TW,2451,創見,TWSE
2453.TW,2453,凌群,TWSE
2454.TW,2454,聯發科,TWSE
2455.TW,2455,全新,TWSE
2457.TW,2457,飛宏,TWSE
2458.TW,2458,義隆,TWSE
2459.TW,2459,敦吉,TWSE
2460.TW,2460,建通,TWSE
2461.TW,2461,光群雷,TWSE
2462.TW,2462,良得電,TWSE
2464.TW,2464,盟立,TWSE
2465.TW,2465,麗臺,TWSE
2466.TW,2466,冠西電,TWSE
2467.TW,2467,志聖,TWSE
2468.TW,2468,華經,TWSE
2471.TW,2471,資通,TWSE
2472.TW,2472,立隆電,TWSE
2474.TW,2474,可成,TWSE
2476.TW,2476,鉅祥,TWSE
2477.TW,2477,美隆電,TWSE
2478.TW,2478,大毅,TWSE
2480.TW,2480,敦陽科,TWSE
2481.TW,2481,強茂,TWSE
2482.TW,2482,連宇,TWSE
2483.TW,2483,百容,TWSE
2484.TW,2484,希華,TWSE
2485.TW,2485,兆赫,TWSE
2486.TW,2486,一詮,TWSE
2488.TW,2488,漢平,TWSE
2489.TW,2489,瑞軒,TWSE
2491.TW,2491,吉祥全,TWSE
2492.TW,2492,華新科,TWSE
2493.TW,2493,揚博,TWSE
2495.TW,2495,普安,TWSE
2496.TW,2496,卓越,TWSE
2497.TW,2497,怡利電,TWSE
2498.TW,2498,宏達電,TWSE
2501.TW,2501,國建,TWSE
2504.TW,2504,國產,TWSE
2505.TW,2505,國揚,TWSE
2506.TW,2506,太設,TWSE
2509.TW,2509,全坤建,TWSE
2511.TW,2511,太子,TWSE
2514.TW,2514,龍邦,TWSE
2515.TW,2515,中工,TWSE
2516.TW,2516,新建,TWSE
2520.TW,2520,冠德,TWSE
2524.TW,2524,京城,TWSE
2527.TW,2527,宏璟,TWSE
2528.TW,2528,皇普,TWSE
2530.TW,2530,華建,TWSE
2534.TW,2534,宏盛,TWSE
2535.TW,2535,達欣工,TWSE
2536.TW,2536,宏普,TWSE
2537.TW,2537,聯上發,TWSE
2538.TW,2538,基泰,TWSE
2539.TW,2539,櫻花建,TWSE
2540.TW,2540,愛山林,TWSE
2542.TW,2542,興富發,TWSE
2543.TW,2543,皇昌,TWSE
2545.TW,2545,皇翔,TWSE
2546.TW,2546,根基,TWSE
2547.TW,2547,日勝生,TWSE
2548.TW,2548,華固,TWSE
2596.TW,2596,綠意,TPEx
2597.TW,2597,潤弘,TWSE
2601.TW,2601,益航,TWSE
2603.TW,2603,長榮,TWSE
2605.TW,2605,新興,TWSE
2606.TW,2606,裕民,TWSE
2607.TW,2607,榮運,TWSE
2608.TW,2608,嘉里大榮,TWSE
2609.TW,2609,陽明,TWSE
2610.TW,2610,華航,TWSE
2611.TW,2611,志信,TWSE
2612.TW,2612,中航,TWSE
2613.TW,2613,中櫃,TWSE
2614.TW,2614,東森,TWSE
2615.TW,2615,萬海,TWSE
2616.TW,2616,山隆,TWSE
2617.TW,2617,台航,TWSE
2618.TW,2618,長榮航,TWSE
2630.TW,2630,亞航,TWSE
2633.TW,2633,台灣高鐵,TWSE
2634.TW,2634,漢翔,TWSE
2636.TW,2636,台驊控股,TWSE
2637.TW,2637,慧洋-KY,TWSE
2640.TW,2640,大車隊,TPEx
2641.TW,2641,正德,TPEx
2642.TW,2642,宅配通,TWSE
2643.TW,2643,捷迅,TPEx
2645.TW,2645,長榮航太,TWSE
2646.TW,2646,星宇航空,TWSE
2701.TW,2701,萬企,TWSE
2702.TW,2702,華園,TWSE
2704.TW,2704,國賓,TWSE
2705.TW,2705,六福,TWSE
2706.TW,2706,第一店,TWSE
2707.TW,2707,晶華,TWSE
2712.TW,2712,遠雄來,TWSE
2718.TW,2718,全心投控,TPEx
2719.TW,2719,燦星旅,TPEx
2722.TW,2722,夏都,TWSE
2723.TW,2723,美食-KY,TWSE
2724.TW,2724,藝舍-KY,TPEx
2726.TW,2726,雅茗-KY,TPEx
2727.TW,2727,王品,TWSE
2729.TW,2729,瓦城,TPEx
2731.TW,2731,雄獅,TWSE
2732.TW,2732,六角,TPEx
2734.TW,2734,易飛網,TPEx
2736.TW,2736,富野,TPEx
2739.TW,2739,寒舍,TWSE
2740.TW,2740,華軒,TPEx
2743.TW,2743,山富,TPEx
2745.TW,2745,五福,TPEx
2748.TW,2748,雲品,TWSE
2751.TW,2751,王座,TPEx
2752.TW,2752,豆府,TPEx
2753.TW,2753,八方雲集,TWSE
2754.TW,2754,亞洲藏壽司,TPEx
2755.TW,2755,揚秦,TPEx
2756.TW,2756,聯發國際,TPEx
2762.TW,2762,世界健身-KY,TWSE
2801.TW,2801,彰銀,TWSE
2812.TW,2812,台中銀,TWSE
2816.TW,2816,旺旺保,TWSE
2820.TW,2820,華票,TWSE
2832.TW,2832,台產,TWSE
2834.TW,2834,臺企銀,TWSE
2836.TW,2836,高雄銀,TWSE
2838.TW,2838,聯邦銀,TWSE
2845.TW,2845,遠東銀,TWSE
2849.TW,2849,安泰銀,TWSE
2850.TW,2850,新產,TWSE
2851.TW,2851,中再保,TWSE
2852.TW,2852,第一保,TWSE
2855.TW,2855,統一證,TWSE
2867.TW,2867,三商壽,TWSE
2880.TW,2880,華南金,TWSE
2881.TW,2881,富邦金,TWSE
2882.TW,2882,國泰金,TWSE
2883.TW,2883,凱基金,TWSE
2884.TW,2884,玉山金,TWSE
2885.TW,2885,元大金,TWSE
2886.TW,2886,兆豐金,TWSE
2887.TW,2887,台新新光金,TWSE
2889.TW,2889,國票金,TWSE
2890.TW,2890,永豐金,TWSE
2891.TW,2891,中信金,TWSE
2892.TW,2892,第一金,TWSE
2897.TW,2897,王道銀行,TWSE
2901.TW,2901,欣欣,TWSE
2903.TW,2903,遠百,TWSE
2904.TW,2904,匯僑,TWSE
2905.TW,2905,三商,TWSE
2906.TW,2906,高林,TWSE
2908.TW,2908,特力,TWSE
2910.TW,2910,統領,TWSE
2911.TW,2911,麗嬰房,TWSE
2912.TW,2912,統一超,TWSE
2913.TW,2913,農林,TWSE
2915.TW,2915,潤泰全,TWSE
2916.TW,2916,滿心,TPEx
2923.TW,2923,鼎固-KY,TWSE
2924.TW,2924,宏太-KY,TPEx
2926.TW,2926,誠品生活,TPEx
2929.TW,2929,淘帝-KY,TWSE
2937.TW,2937,集雅社,TPEx
2939.TW,2939,永邑-KY,TWSE
2941.TW,2941,米斯特,TPEx
2945.TW,2945,三商家購,TWSE
2947.TW,2947,振宇五金,TPEx
2948.TW,2948,寶陞,TPEx
2949.TW,2949,欣新網,TPEx
3002.TW,3002,歐格,TWSE
3003.TW,3003,健和興,TWSE
3004.TW,3004,豐達科,TWSE
3005.TW,3005,神基,TWSE
3006.TW,3006,晶豪科,TWSE
3008.TW,3008,大立光,TWSE
3010.TW,3010,華立,TWSE
3011.TW,3011,今皓,TWSE
3013.TW,3013,晟銘電,TWSE
3014.TW,3014,聯陽,TWSE
3015.TW,3015,全漢,TWSE
3016.TW,3016,嘉晶,TWSE
3017.TW,3017,奇鋐,TWSE
3018.TW,3018,隆銘綠能,TWSE
3019.TW,3019,亞光,TWSE
3021.TW,3021,鴻名,TWSE
3022.TW,3022,威強電,TWSE
3023.TW,3023,信邦,TWSE
3024.TW,3024,憶聲,TWSE
3025.TW,3025,星通,TWSE
3026.TW,3026,禾伸堂,TWSE
3027.TW,3027,盛達,TWSE
3028.TW,3028,增你強,TWSE
3029.TW,3029,零壹,TWSE
3030.TW,3030,德律,TWSE
3031.TW,3031,佰鴻,TWSE
3032.TW,3032,偉訓,TWSE
3033.TW,3033,威健,TWSE
3034.TW,3034,聯詠,TWSE
3035.TW,3035,智原,TWSE
3036.TW,3036,文曄,TWSE
3037.TW,3037,欣興,TWSE
3038.TW,3038,全台,TWSE
3040.TW,3040,遠見,TWSE
3041.TW,3041,揚智,TWSE
3042.TW,3042,晶技,TWSE
3043.TW,3043,科風,TWSE
3044.TW,3044,健鼎,TWSE
3045.TW,3045,台灣大,TWSE
3046.TW,3046,建碁,TWSE
3047.TW,3047,訊舟,TWSE
3048.TW,3048,益登,TWSE
3049.TW,3049,精金,TWSE
3050.TW,3050,鈺德,TWSE
3051.TW,3051,力特,TWSE
3052.TW,3052,夆典,TWSE
3054.TW,3054,立萬利,TWSE
3055.TW,3055,蔚華科,TWSE
3056.TW,3056,富華新,TWSE
3057.TW,3057,喬鼎,TWSE
3058.TW,3058,立德,TWSE
3059.TW,3059,華晶科,TWSE
3060.TW,3060,銘異,TWSE
3062.TW,3062,建漢,TWSE
3064.TW,3064,泰偉,TPEx
3066.TW,3066,李洲,TPEx
3067.TW,3067,全域,TPEx
3071.TW,3071,協禧,TPEx
3073.TW,3073,天方能源,TPEx
3078.TW,3078,僑威,TPEx
3081.TW,3081,聯亞,TPEx
3083.TW,3083,網龍,TPEx
3085.TW,3085,新零售,TPEx
3086.TW,3086,華義*,TPEx
3088.TW,3088,艾訊,TPEx
3090.TW,3090,日電貿,TWSE
3092.TW,3092,鴻碩,TWSE
3093.TW,3093,港建*,TPEx
3094.TW,3094,聯傑,TWSE
3095.TW,3095,及成,TPEx
3105.TW,3105,穩懋,TPEx
3114.TW,3114,好德,TPEx
3115.TW,3115,富榮綱,TPEx
3118.TW,3118,進階,TPEx
3122.TW,3122,笙泉,TPEx
3128.TW,3128,昇銳,TPEx
3130.TW,3130,一零四,TWSE
3131.TW,3131,弘塑,TPEx
3135.TW,3135,凌航,TWSE
3138.TW,3138,耀登,TWSE
3141.TW,3141,晶宏,TPEx
3147.TW,3147,大綜,TPEx
3149.TW,3149,正達,TWSE
3150.TW,3150,鈺寶-創,TWSE
3152.TW,3152,璟德,TPEx
3158.TW,3158,嘉實,TPEx
3162.TW,3162,精確,TPEx
3163.TW,3163,波若威,TPEx
3164.TW,3164,景岳,TWSE
3167.TW,3167,大量,TWSE
3168.TW,3168,眾福科,TWSE
3169.TW,3169,亞信,TPEx
3171.TW,3171,炎洲流通,TPEx
3176.TW,3176,基亞,TPEx
3178.TW,3178,公準,TPEx
3188.TW,3188,鑫龍騰,TPEx
3189.TW,3189,景碩,TWSE
3191.TW,3191,雲嘉南,TPEx
3205.TW,3205,佰研,TPEx
3206.TW,3206,志豐,TPEx
3207.TW,3207,耀勝,TPEx
3209.TW,3209,全科,TWSE
3211.TW,3211,順達,TPEx
3213.TW,3213,茂訊,TPEx
3217.TW,3217,優群,TPEx
3218.TW,3218,大學光,TPEx
3219.TW,3219,倚強科,TPEx
3221.TW,3221,台嘉碩,TPEx
3224.TW,3224,三顧,TPEx
3226.TW,3226,龍鋒,TPEx
3227.TW,3227,原相,TPEx
3228.TW,3228,金麗科,TPEx
3229.TW,3229,晟鈦,TWSE
3230.TW,3230,錦明,TPEx
3231.TW,3231,緯創,TWSE
3232.TW,3232,昱捷,TPEx
3234.TW,3234,光環,TPEx
3236.TW,3236,千如,TPEx
3252.TW,3252,海灣,TPEx
3257.TW,3257,虹冠電,TWSE
3259.TW,3259,鑫創,TPEx
3260.TW,3260,威剛,TPEx
3264.TW,3264,欣銓,TPEx
3265.TW,3265,台星科,TPEx
3266.TW,3266,昇陽,TWSE
3268.TW,3268,海德威,TPEx
3272.TW,3272,東碩,TPEx
3276.TW,3276,宇環,TPEx
3284.TW,3284,太普高,TPEx
3285.TW,3285,微端,TPEx
3287.TW,3287,廣寰科,TPEx
3288.TW,3288,點晶,TPEx
3289.TW,3289,宜特,TPEx
3290.TW,3290,東浦,TPEx
3293.TW,3293,鈊象,TPEx
3294.TW,3294,英濟,TPEx
3296.TW,3296,勝德,TWSE
3297.TW,3297,杭特,TPEx
3303.TW,3303,岱稜,TPEx
3305.TW,3305,昇貿,TWSE
3306.TW,3306,鼎天,TPEx
3308.TW,3308,聯德,TWSE
3310.TW,3310,佳穎,TPEx
3311.TW,3311,閎暉,TWSE
3312.TW,3312,弘憶股,TWSE
3313.TW,3313,斐成,TPEx
3317.TW,3317,尼克森,TPEx
3321.TW,3321,同泰,TWSE
3322.TW,3322,建舜電,TPEx
3323.TW,3323,加百裕,TPEx
3324.TW,3324,雙鴻,TPEx
3325.TW,3325,旭品,TPEx
3332.TW,3332,幸康,TPEx
3338.TW,3338,泰碩,TWSE
3339.TW,3339,泰谷,TPEx
3346.TW,3346,麗清,TWSE
3349.TW,3349,寶德,TPEx
3354.TW,3354,律勝,TPEx
3356.TW,3356,奇偶,TWSE
3357.TW,3357,臺慶科,TPEx
3360.TW,3360,尚立,TPEx
3362.TW,3362,先進光,TPEx
3363.TW,3363,上詮,TPEx
3372.TW,3372,典範,TPEx
3373.TW,3373,熱映,TPEx
3374.TW,3374,精材,TPEx
3376.TW,3376,新日興,TWSE
3379.TW,3379,彬台,TPEx
3380.TW,3380,明泰,TWSE
3388.TW,3388,崇越電,TPEx
3390.TW,3390,旭軟,TPEx
3402.TW,3402,漢科,TPEx
3406.TW,3406,玉晶光,TWSE
3413.TW,3413,京鼎,TWSE
3416.TW,3416,融程電,TWSE
3419.TW,3419,譁裕,TWSE
3426.TW,3426,台興,TPEx
3430.TW,3430,奇鈦科,TPEx
3432.TW,3432,台端,TWSE
3434.TW,3434,哲固,TPEx
3437.TW,3437,榮創,TWSE
3438.TW,3438,類比科,TPEx
3441.TW,3441,聯一光電,TPEx
3443.TW,3443,創意,TWSE
3444.TW,3444,利機,TPEx
3447.TW,3447,展達,TWSE
3450.TW,3450,聯鈞,TWSE
3455.TW,3455,由田,TPEx
3465.TW,3465,進泰電子,TPEx
3466.TW,3466,德晉,TPEx
3467.TW,3467,台灣精材,TPEx
3479.TW,3479,安勤,TPEx
3481.TW,3481,群創,TWSE
3483.TW,3483,力致,TPEx
3484.TW,3484,崧騰,TPEx
3485.TW,3485,敘豐,TPEx
3489.TW,3489,森寶,TPEx
3490.TW,3490,單井,TPEx
3491.TW,3491,昇達科,TPEx
3492.TW,3492,長盛,TPEx
3494.TW,3494,誠研,TWSE
3498.TW,3498,陽程,TPEx
3499.TW,3499,環天科,TPEx
3501.TW,3501,維熹,TWSE
3504.TW,3504,揚明光,TWSE
3508.TW,3508,位速,TPEx
3511.TW,3511,矽瑪,TPEx
3512.TW,3512,皇龍,TPEx
3515.TW,3515,華擎,TWSE
3516.TW,3516,亞帝歐,TPEx
3518.TW,3518,柏騰,TWSE
3520.TW,3520,華盈,TPEx
3521.TW,3521,台鋼建設,TPEx
3522.TW,3522,御嵿,TPEx
3523.TW,3523,迎輝,TPEx
3526.TW,3526,凡甲,TPEx
3527.TW,3527,聚積,TPEx
3528.TW,3528,安馳,TWSE
3529.TW,3529,力旺,TPEx
3530.TW,3530,晶相光,TWSE
3531.TW,3531,先益,TPEx
3532.TW,3532,台勝科,TWSE
3533.TW,3533,嘉澤,TWSE
3535.TW,3535,晶彩科,TWSE
3537.TW,3537,堡達,TPEx
3540.TW,3540,曜越,TPEx
3541.TW,3541,西柏,TPEx
3543.TW,3543,州巧,TWSE
3545.TW,3545,敦泰,TWSE
3546.TW,3546,宇峻,TPEx
3548.TW,3548,兆利,TPEx
3550.TW,3550,聯穎,TWSE
3551.TW,3551,世禾,TPEx
3552.TW,3552,同致,TPEx
3555.TW,3555,博士旺,TPEx
3556.TW,3556,禾瑞亞,TPEx
3557.TW,3557,嘉威,TWSE
3558.TW,3558,神準,TPEx
3563.TW,3563,牧德,TWSE
3564.TW,3564,其陽,TPEx
3567.TW,3567,逸昌,TPEx
3570.TW,3570,大塚,TPEx
3576.TW,3576,聯合再生,TWSE
3577.TW,3577,泓格,TPEx
3580.TW,3580,友威科,TPEx
3581.TW,3581,博磊,TPEx
3583.TW,3583,辛耘,TWSE
3587.TW,3587,閎康,TPEx
3588.TW,3588,通嘉,TWSE
3591.TW,3591,艾笛森,TWSE
3592.TW,3592,瑞鼎,TWSE
3593.TW,3593,力銘,TWSE
3594.TW,3594,磐儀,TPEx
3596.TW,3596,智易,TWSE
3597.TW,3597,映興,TPEx
3605.TW,3605,宏致,TWSE
3607.TW,3607,谷崧,TWSE
3609.TW,3609,三一東林,TPEx
3611.TW,3611,鼎翰,TPEx
3615.TW,3615,安可,TPEx
3617.TW,3617,碩天,TWSE
3622.TW,3622,洋華,TWSE
3623.TW,3623,富晶通,TPEx
3624.TW,3624,光頡,TPEx
3625.TW,3625,西勝,TPEx
3628.TW,3628,盈正,TPEx
3629.TW,3629,地心引力,TPEx
3630.TW,3630,新鉅科,TPEx
3631.TW,3631,晟楠,TPEx
3632.TW,3632,研勤,TPEx
3645.TW,3645,達邁,TWSE
3646.TW,3646,艾恩特,TPEx
3652.TW,3652,精聯,TWSE
3653.TW,3653,健策,TWSE
3661.TW,3661,世芯-KY,TWSE
3663.TW,3663,鑫科,TPEx
3664.TW,3664,安瑞-KY,TPEx
3665.TW,3665,貿聯-KY,TWSE
3666.TW,3666,光耀,TPEx
3669.TW,3669,圓展,TWSE
3672.TW,3672,康聯訊,TPEx
3673.TW,3673,TPK-KY,TWSE
3675.TW,3675,德微,TPEx
3679.TW,3679,新至陞,TWSE
3680.TW,3680,家登,TPEx
3684.TW,3684,榮昌,TPEx
3685.TW,3685,元創精密,TPEx
3686.TW,3686,達能,TWSE
3687.TW,3687,歐買尬,TPEx
3689.TW,3689,湧德,TPEx
3691.TW,3691,碩禾,TPEx
3693.TW,3693,營邦,TPEx
3694.TW,3694,海華,TWSE
3701.TW,3701,大眾控,TWSE
3702.TW,3702,大聯大,TWSE
3703.TW,3703,欣陸,TWSE
3704.TW,3704,合勤控,TWSE
3705.TW,3705,永信,TWSE
3706.TW,3706,神達,TWSE
3707.TW,3707,漢磊,TPEx
3708.TW,3708,上緯投控,TWSE
3709.TW,3709,鑫聯大投控,TPEx
3710.TW,3710,連展投控,TPEx
3711.TW,3711,日月光投控,TWSE
3712.TW,3712,永崴投控,TWSE
3713.TW,3713,新晶投控,TPEx
3714.TW,3714,富采,TWSE
3715.TW,3715,定穎投控,TWSE
3716.TW,3716,中化控股,TWSE
3717.TW,3717,聯嘉投控,TWSE
4102.TW,4102,永日,TPEx
4104.TW,4104,佳醫,TWSE
4105.TW,4105,東洋,TPEx
4106.TW,4106,雃博,TWSE
4107.TW,4107,邦特,TPEx
4108.TW,4108,懷特,TWSE
4109.TW,4109,加捷生醫,TPEx
4111.TW,4111,濟生,TPEx
4113.TW,4113,聯上,TPEx
4114.TW,4114,健喬,TPEx
4116.TW,4116,明基醫,TPEx
4119.TW,4119,旭富,TWSE
4120.TW,4120,友華,TPEx
4121.TW,4121,優盛,TPEx
4123.TW,4123,晟德,TPEx
4126.TW,4126,太醫,TPEx
4127.TW,4127,天良,TPEx
4128.TW,4128,中天,TPEx
4129.TW,4129,聯合,TPEx
4130.TW,4130,健亞,TPEx
4131.TW,4131,浩泰,TPEx
4133.TW,4133,亞諾法,TWSE
4137.TW,4137,麗豐-KY,TWSE
4138.TW,4138,曜亞,TPEx
4139.TW,4139,馬光-KY,TPEx
4142.TW,4142,國光生,TWSE
4147.TW,4147,中裕,TPEx
4148.TW,4148,全宇生技-KY,TWSE
4153.TW,4153,鈺緯,TPEx
4154.TW,4154,樂威科-KY,TPEx
4155.TW,4155,訊映,TWSE
4157.TW,4157,太景*-KY,TPEx
4160.TW,4160,訊聯基因,TPEx
4161.TW,4161,聿新科,TPEx
4162.TW,4162,智擎,TPEx
4163.TW,4163,鐿鈦,TPEx
4164.TW,4164,承業醫,TWSE
4166.TW,4166,友霖,TPEx
4167.TW,4167,松瑞藥,TPEx
4168.TW,4168,醣聯,TPEx
4169.TW,4169,泰宗,TWSE
4171.TW,4171,瑞基,TPEx
4173.TW,4173,久裕,TPEx
4174.TW,4174,浩鼎,TPEx
4175.TW,4175,杏一,TPEx
4178.TW,4178,永笙-KY,TWSE
4183.TW,4183,福永生技,TPEx
4188.TW,4188,安克,TPEx
4190.TW,4190,佐登-KY,TWSE
4192.TW,4192,杏國,TPEx
4195.TW,4195,基米-創,TWSE
4198.TW,4198,欣大健康,TPEx
4205.TW,4205,中華食,TPEx
4207.TW,4207,環泰,TPEx
4303.TW,4303,信立,TPEx
4304.TW,4304,勝昱,TPEx
4305.TW,4305,世坤,TPEx
4306.TW,4306,炎洲,TWSE
4401.TW,4401,東隆興,TPEx
4402.TW,4402,郡都開發,TPEx
4406.TW,4406,新昕纖,TPEx
4413.TW,4413,飛寶企業,TPEx
4414.TW,4414,如興,TWSE
4416.TW,4416,三圓,TPEx
4417.TW,4417,金洲,TPEx
4419.TW,4419,皇家美食,TPEx
4420.TW,4420,光明,TPEx
4426.TW,4426,利勤,TWSE
4430.TW,4430,耀億,TPEx
4432.TW,4432,銘旺實,TPEx
4433.TW,4433,興采,TPEx
4438.TW,4438,廣越,TWSE
4439.TW,4439,冠星-KY,TWSE
4440.TW,4440,宜新實業,TWSE
4441.TW,4441,振大環球,TWSE
4442.TW,4442,竣邦-KY,TPEx
4502.TW,4502,健信,TPEx
4503.TW,4503,金雨,TPEx
4506.TW,4506,崇友,TPEx
4510.TW,4510,高鋒,TPEx
4513.TW,4513,福裕,TPEx
4523.TW,4523,永彰,TPEx
4526.TW,4526,東台,TWSE
4527.TW,4527,方方土霖,TPEx
4528.TW,4528,江興鍛,TPEx
4529.TW,4529,淳紳,TPEx
4530.TW,4530,宏易,TPEx
4532.TW,4532,瑞智,TWSE
4533.TW,4533,協易機,TPEx
4534.TW,4534,慶騰,TPEx
4535.TW,4535,至興,TPEx
4536.TW,4536,拓凱,TWSE
4538.TW,4538,大詠城,TPEx
4540.TW,4540,全球傳動,TWSE
4541.TW,4541,晟田,TPEx
4542.TW,4542,科嶠,TPEx
4543.TW,4543,萬在,TPEx
4545.TW,4545,銘鈺,TWSE
4549.TW,4549,桓達,TPEx
4550.TW,4550,長佳,TPEx
4551.TW,4551,智伸科,TWSE
4552.TW,4552,力達-KY,TWSE
4554.TW,4554,橙的,TPEx
4555.TW,4555,氣立,TWSE
4556.TW,4556,旭然,TPEx
4557.TW,4557,永新-KY,TWSE
4558.TW,4558,寶緯,TPEx
4560.TW,4560,強信-KY,TWSE
4561.TW,4561,健椿,TPEx
4562.TW,4562,穎漢,TWSE
4563.TW,4563,百德,TPEx
4564.TW,4564,元翎,TWSE
4566.TW,4566,時碩工業,TWSE
4568.TW,4568,科際精密,TPEx
4569.TW,4569,六方科-KY,TWSE
4571.TW,4571,鈞興-KY,TWSE
4572.TW,4572,駐龍,TWSE
4576.TW,4576,大銀微系統,TWSE
4577.TW,4577,達航科技,TPEx
4580.TW,4580,捷流閥業,TPEx
4581.TW,4581,光隆精密-KY,TWSE
4583.TW,4583,台灣精銳,TWSE
4584.TW,4584,君帆,TPEx
4585.TW,4585,達明,TWSE
4588.TW,4588,玖鼎電力,TWSE
4590.TW,4590,富田-創,TWSE
4609.TW,4609,唐鋒,TPEx
4702.TW,4702,中美實,TPEx
4706.TW,4706,大恭,TPEx
4707.TW,4707,磐亞,TPEx
4711.TW,4711,永純,TPEx
4714.TW,4714,永捷,TPEx
4716.TW,4716,大立,TPEx
4720.TW,4720,德淵,TWSE
4721.TW,4721,美琪瑪,TPEx
4722.TW,4722,國精化,TWSE
4726.TW,4726,永昕,TPEx
4728.TW,4728,雙美,TPEx
4729.TW,4729,熒茂,TPEx
4735.TW,4735,豪展,TPEx
4736.TW,4736,泰博,TWSE
4737.TW,4737,華廣,TWSE
4739.TW,4739,康普,TWSE
4741.TW,4741,泓瀚,TPEx
4743.TW,4743,合一,TPEx
4744.TW,4744,皇將,TPEx
4745.TW,4745,合富-KY,TPEx
4746.TW,4746,台耀,TWSE
4747.TW,4747,強生製藥,TPEx
4749.TW,4749,新應材,TPEx
4754.TW,4754,國碳科,TPEx
4755.TW,4755,三福化,TWSE
4760.TW,4760,勤凱科技,TPEx
4763.TW,4763,材料*-KY,TWSE
4764.TW,4764,雙鍵,TWSE
4766.TW,4766,南寶,TWSE
4767.TW,4767,誠泰科技,TPEx
4768.TW,4768,晶呈科技,TPEx
4770.TW,4770,上品,TWSE
4771.TW,4771,望隼,TWSE
4772.TW,4772,台特化,TPEx
4804.TW,4804,大略-KY,TPEx
4806.TW,4806,桂田文創,TPEx
4807.TW,4807,日成-KY,TWSE
4903.TW,4903,聯光通,TPEx
4904.TW,4904,遠傳,TWSE
4905.TW,4905,台聯電,TPEx
4906.TW,4906,正文,TWSE
4907.TW,4907,富宇,TPEx
4908.TW,4908,前鼎,TPEx
4909.TW,4909,新復興,TPEx
4911.TW,4911,德英,TPEx
4912.TW,4912,聯德控股-KY,TWSE
4915.TW,4915,致伸,TWSE
4916.TW,4916,事欣科,TWSE
4919.TW,4919,新唐,TWSE
4923.TW,4923,力士,TPEx
4924.TW,4924,欣厚-KY,TPEx
4927.TW,4927,泰鼎-KY,TWSE
4930.TW,4930,燦星網,TWSE
4931.TW,4931,新盛力,TPEx
4933.TW,4933,友輝,TPEx
4934.TW,4934,太極,TWSE
4935.TW,4935,茂林-KY,TWSE
4938.TW,4938,和碩,TWSE
4939.TW,4939,亞電,TPEx
4942.TW,4942,嘉彰,TWSE
4943.TW,4943,康控-KY,TWSE
4946.TW,4946,辣椒,TPEx
4949.TW,4949,有成精密,TWSE
4950.TW,4950,金耘國際,TPEx
4951.TW,4951,精拓科,TPEx
4952.TW,4952,凌通,TWSE
4953.TW,4953,緯軟,TPEx
4956.TW,4956,光鋐,TWSE
4958.TW,4958,臻鼎-KY,TWSE
4960.TW,4960,誠美材,TWSE
4961.TW,4961,天鈺,TWSE
4966.TW,4966,譜瑞-KY,TPEx
4967.TW,4967,十銓,TWSE
4968.TW,4968,立積,TWSE
4971.TW,4971,IET-KY,TPEx
4972.TW,4972,湯石照明,TPEx
4973.TW,4973,廣穎電通,TPEx
4974.TW,4974,亞泰,TPEx
4976.TW,4976,佳凌,TWSE
4977.TW,4977,眾達-KY,TWSE
4979.TW,4979,華星光,TPEx
4987.TW,4987,科誠,TPEx
4989.TW,4989,榮科,TWSE
4991.TW,4991,環宇-KY,TPEx
4994.TW,4994,傳奇,TWSE
4995.TW,4995,晶達,TPEx
4999.TW,4999,鑫禾,TWSE
5007.TW,5007,三星,TWSE
5009.TW,5009,榮剛,TPEx
5011.TW,5011,久陽,TPEx
5013.TW,5013,強新,TPEx
5014.TW,5014,建錩,TPEx
5015.TW,5015,華祺,TPEx
5016.TW,5016,松和,TPEx
5201.TW,5201,凱衛,TPEx
5202.TW,5202,力新,TPEx
5203.TW,5203,訊連,TWSE
5205.TW,5205,中茂,TPEx
5206.TW,5206,坤悅,TPEx
5209.TW,5209,新鼎,TPEx
5210.TW,5210,寶碩,TPEx
5211.TW,5211,蒙恬,TPEx
5212.TW,5212,凌網,TPEx
5213.TW,5213,亞昕,TPEx
5215.TW,5215,科嘉-KY,TWSE
5220.TW,5220,萬達光電,TPEx
5222.TW,5222,全訊,TWSE
5223.TW,5223,安力-KY,TPEx
5225.TW,5225,東科-KY,TWSE
5227.TW,5227,立凱-KY,TPEx
5228.TW,5228,鈺鎧,TPEx
5230.TW,5230,雷笛克光學,TPEx
5234.TW,5234,達興材料,TWSE
5236.TW,5236,凌陽創新,TPEx
5243.TW,5243,乙盛-KY,TWSE
5244.TW,5244,弘凱,TWSE
5245.TW,5245,智晶,TPEx
5251.TW,5251,天鉞電,TPEx
5258.TW,5258,虹堡,TWSE
5263.TW,5263,智崴,TPEx
5269.TW,5269,祥碩,TWSE
5272.TW,5272,笙科,TPEx
5274.TW,5274,信驊,TPEx
5276.TW,5276,達輝-KY,TPEx
5278.TW,5278,尚凡*,TPEx
5283.TW,5283,禾聯碩,TWSE
5284.TW,5284,jpp-KY,TWSE
5285.TW,5285,界霖,TWSE
5287.TW,5287,數字,TPEx
5288.TW,5288,豐祥-KY,TWSE
5289.TW,5289,宜鼎,TPEx
5291.TW,5291,邑昇,TPEx
5292.TW,5292,華懋,TWSE
5299.TW,5299,杰力,TPEx
5301.TW,5301,寶得利,TPEx
5302.TW,5302,太欣,TPEx
5306.TW,5306,桂盟,TWSE
5309.TW,5309,系統電,TPEx
5310.TW,5310,天剛,TPEx
5312.TW,5312,寶島科,TPEx
5314.TW,5314,世紀*,TPEx
5315.TW,5315,光聯,TPEx
5321.TW,5321,美而快,TPEx
5324.TW,5324,士開,TPEx
5328.TW,5328,華容,TPEx
5340.TW,5340,建榮,TPEx
5344.TW,5344,立衛,TPEx
5345.TW,5345,馥鴻,TPEx
5347.TW,5347,世界,TPEx
5348.TW,5348,正能量智能,TPEx
5351.TW,5351,鈺創,TPEx
5353.TW,5353,台林,TPEx
5355.TW,5355,佳總,TPEx
5356.TW,5356,協益,TPEx
5364.TW,5364,力麗店,TPEx
5371.TW,5371,中光電,TPEx
5381.TW,5381,光譜,TPEx
5386.TW,5386,青雲,TPEx
5388.TW,5388,中磊,TWSE
5392.TW,5392,能率,TPEx
5398.TW,5398,慕康生醫,TPEx
5403.TW,5403,中菲,TPEx
5410.TW,5410,國眾,TPEx
5425.TW,5425,台半,TPEx
5426.TW,5426,振發,TPEx
5432.TW,5432,新門,TPEx
5434.TW,5434,崇越,TWSE
5438.TW,5438,東友,TPEx
5439.TW,5439,高技,TPEx
5443.TW,5443,均豪,TPEx
5450.TW,5450,南良,TPEx
5452.TW,5452,佶優,TPEx
5455.TW,5455,昇益,TPEx
5457.TW,5457,宣德,TPEx
5460.TW,5460,同協,TPEx
5464.TW,5464,霖宏,TPEx
5465.TW,5465,富驊,TPEx
5468.TW,5468,凱鈺,TPEx
5469.TW,5469,瀚宇博,TWSE
5471.TW,5471,松翰,TWSE
5474.TW,5474,聰泰,TPEx
5475.TW,5475,德宏,TPEx
5478.TW,5478,智冠,TPEx
5481.TW,5481,新華,TPEx
5483.TW,5483,中美晶,TPEx
5484.TW,5484,慧友,TWSE
5487.TW,5487,通泰,TPEx
5488.TW,5488,松普,TPEx
5489.TW,5489,彩富,TPEx
5490.TW,5490,同亨,TPEx
5493.TW,5493,三聯,TPEx
5498.TW,5498,凱崴,TPEx
5508.TW,5508,永信建,TPEx
5511.TW,5511,德昌,TPEx
5512.TW,5512,力麒,TPEx
5514.TW,5514,三豐,TPEx
5515.TW,5515,建國,TWSE
5516.TW,5516,雙喜,TPEx
5519.TW,5519,隆大,TWSE
5520.TW,5520,力泰,TPEx
5521.TW,5521,工信,TWSE
5522.TW,5522,遠雄,TWSE
5523.TW,5523,豐謙,TPEx
5525.TW,5525,順天,TWSE
5529.TW,5529,鉅陞,TPEx
5530.TW,5530,龍巖,TPEx
5531.TW,5531,鄉林,TWSE
5533.TW,5533,皇鼎,TWSE
5534.TW,5534,長虹,TWSE
5536.TW,5536,聖暉*,TPEx
5538.TW,5538,東明-KY,TWSE
5543.TW,5543,桓鼎-KY,TPEx
5546.TW,5546,永固-KY,TWSE
5547.TW,5547,久舜,TPEx
5548.TW,5548,安倉,TPEx
5601.TW,5601,台聯櫃,TPEx
5603.TW,5603,陸海,TPEx
5604.TW,5604,中連,TPEx
5607.TW,5607,遠雄港,TWSE
5608.TW,5608,四維航,TWSE
5609.TW,5609,中菲行,TPEx
5701.TW,5701,劍湖山,TPEx
5703.TW,5703,亞都麗緻,TPEx
5704.TW,5704,老爺知,TPEx
5706.TW,5706,鳳凰,TWSE
5864.TW,5864,致和證,TPEx
5871.TW,5871,中租-KY,TWSE
5876.TW,5876,上海商銀,TWSE
5878.TW,5878,台名,TPEx
5880.TW,5880,合庫金,TWSE
5902.TW,5902,德記,TPEx
5903.TW,5903,全家,TPEx
5904.TW,5904,寶雅,TPEx
5905.TW,5905,南仁湖,TPEx
5906.TW,5906,台南-KY,TWSE
5907.TW,5907,大洋-KY,TWSE
6005.TW,6005,群益證,TWSE
6015.TW,6015,宏遠證,TPEx
6016.TW,6016,康和證,TPEx
6020.TW,6020,大展證,TPEx
6021.TW,6021,美好證,TPEx
6023.TW,6023,元大期貨,TPEx
6024.TW,6024,群益期,TWSE
6026.TW,6026,福邦證,TPEx
6028.TW,6028,公勝保經,TPEx
6101.TW,6101,寬魚國際,TPEx
6103.TW,6103,合邦,TPEx
6104.TW,6104,創惟,TPEx
6108.TW,6108,競國,TWSE
6109.TW,6109,亞元,TPEx
6111.TW,6111,光聚晶電,TPEx
6112.TW,6112,邁達特,TWSE
6113.TW,6113,亞矽,TPEx
6114.TW,6114,久威,TPEx
6115.TW,6115,鎰勝,TWSE
6116.TW,6116,彩晶,TWSE
6117.TW,6117,迎廣,TWSE
6118.TW,6118,建達,TPEx
6120.TW,6120,達運,TWSE
6121.TW,6121,新普,TPEx
6122.TW,6122,擎邦,TPEx
6123.TW,6123,上奇,TPEx
6124.TW,6124,業強,TPEx
6125.TW,6125,廣運,TPEx
6126.TW,6126,信音,TPEx
6127.TW,6127,九豪,TPEx
6128.TW,6128,上福,TWSE
6129.TW,6129,普誠,TPEx
6130.TW,6130,上亞科技,TPEx
6133.TW,6133,金橋,TWSE
6134.TW,6134,萬旭,TPEx
6136.TW,6136,富爾特,TWSE
6138.TW,6138,茂達,TPEx
6139.TW,6139,亞翔,TWSE
6140.TW,6140,訊達電腦,TPEx
6141.TW,6141,柏承,TWSE
6142.TW,6142,友勁,TWSE
6143.TW,6143,振曜,TPEx
6144.TW,6144,得利影,TPEx
6146.TW,6146,耕興,TPEx
6147.TW,6147,頎邦,TPEx
6148.TW,6148,驊宏資,TPEx
6150.TW,6150,撼訊,TPEx
6151.TW,6151,晉倫,TPEx
6152.TW,6152,百一,TWSE
6153.TW,6153,嘉聯益,TWSE
6154.TW,6154,順發,TPEx
6155.TW,6155,鈞寶,TWSE
6156.TW,6156,松上,TPEx
6158.TW,6158,禾昌,TPEx
6160.TW,6160,欣技,TPEx
6161.TW,6161,捷波,TPEx
6163.TW,6163,華電網,TPEx
6164.TW,6164,華興,TWSE
6165.TW,6165,浪凡,TWSE
6166.TW,6166,凌華,TWSE
6167.TW,6167,久正,TPEx
6168.TW,6168,宏齊,TWSE
6169.TW,6169,昱泉,TPEx
6170.TW,6170,統振,TPEx
6171.TW,6171,大城地產,TPEx
6173.TW,6173,信昌電,TPEx
6174.TW,6174,安碁,TPEx
6175.TW,6175,立敦,TPEx
6176.TW,6176,瑞儀,TWSE
6177.TW,6177,達麗,TWSE
6179.TW,6179,亞通,TPEx
6180.TW,6180,橘子,TPEx
6182.TW,6182,合晶,TPEx
6183.TW,6183,關貿,TWSE
6184.TW,6184,大豐電,TWSE
6185.TW,6185,幃翔,TPEx
6186.TW,6186,新潤,TPEx
6187.TW,6187,萬潤,TPEx
6188.TW,6188,廣明,TPEx
6189.TW,6189,豐藝,TWSE
6190.TW,6190,萬泰科,TPEx
6191.TW,6191,精成科,TWSE
6192.TW,6192,巨路,TWSE
6194.TW,6194,育富,TPEx
6195.TW,6195,詩肯,TPEx
6196.TW,6196,帆宣,TWSE
6197.TW,6197,佳必琪,TWSE
6198.TW,6198,瑞築,TPEx
6199.TW,6199,天品,TPEx
6201.TW,6201,亞弘電,TWSE
6202.TW,6202,盛群,TWSE
6203.TW,6203,海韻電,TPEx
6204.TW,6204,艾華,TPEx
6205.TW,6205,詮欣,TWSE
6206.TW,6206,飛捷,TWSE
6207.TW,6207,雷科,TPEx
6208.TW,6208,日揚,TPEx
6209.TW,6209,今國光,TWSE
6210.TW,6210,慶生,TPEx
6212.TW,6212,理銘,TPEx
6213.TW,6213,聯茂,TWSE
6214.TW,6214,精誠,TWSE
6215.TW,6215,和椿,TWSE
6216.TW,6216,居易,TWSE
6217.TW,6217,中探針,TPEx
6218.TW,6218,豪勉,TPEx
6219.TW,6219,富旺,TPEx
6220.TW,6220,岳豐,TPEx
6221.TW,6221,晉泰,TPEx
6222.TW,6222,立軒,TPEx
6223.TW,6223,旺矽,TPEx
6224.TW,6224,聚鼎,TWSE
6225.TW,6225,天瀚,TWSE
6226.TW,6226,光鼎,TWSE
6227.TW,6227,茂綸,TPEx
6228.TW,6228,全譜,TPEx
6229.TW,6229,研通,TPEx
6230.TW,6230,尼得科超眾,TWSE
6231.TW,6231,系微,TPEx
6233.TW,6233,旺玖,TPEx
6234.TW,6234,高僑,TPEx
6235.TW,6235,華孚,TWSE
6236.TW,6236,中湛,TPEx
6237.TW,6237,驊訊,TPEx
6239.TW,6239,力成,TWSE
6240.TW,6240,松崗,TPEx
6241.TW,6241,鑫永洋,TPEx
6242.TW,6242,立康,TPEx
6243.TW,6243,迅杰,TWSE
6244.TW,6244,茂迪,TPEx
6245.TW,6245,立端,TPEx
6246.TW,6246,臺龍,TPEx
6248.TW,6248,沛波,TPEx
6257.TW,6257,矽格,TWSE
6259.TW,6259,百徽,TPEx
6261.TW,6261,久元,TPEx
6263.TW,6263,普萊德,TPEx
6264.TW,6264,富裔,TPEx
6265.TW,6265,方土昶,TPEx
6266.TW,6266,泰詠,TPEx
6269.TW,6269,台郡,TWSE
6270.TW,6270,倍微,TPEx
6271.TW,6271,同欣電,TWSE
6272.TW,6272,驊陞,TWSE
6274.TW,6274,台燿,TPEx
6275.TW,6275,元山,TPEx
6276.TW,6276,安鈦克,TPEx
6277.TW,6277,宏正,TWSE
6278.TW,6278,台表科,TWSE
6279.TW,6279,胡連,TPEx
6281.TW,6281,全國電,TWSE
6282.TW,6282,康舒,TWSE
6283.TW,6283,淳安,TWSE
6284.TW,6284,佳邦,TPEx
6285.TW,6285,啟碁,TWSE
6290.TW,6290,良維,TPEx
6291.TW,6291,沛亨,TPEx
6292.TW,6292,迅德,TPEx
6294.TW,6294,智基,TPEx
6405.TW,6405,悅城,TWSE
6409.TW,6409,旭隼,TWSE
6411.TW,6411,晶焱,TPEx
6412.TW,6412,群電,TWSE
6414.TW,6414,樺漢,TWSE
6415.TW,6415,矽力*-KY,TWSE
6416.TW,6416,瑞祺電通,TWSE
6417.TW,6417,韋僑,TPEx
6418.TW,6418,詠昇,TPEx
6419.TW,6419,京晨科,TPEx
6423.TW,6423,億而得,TPEx
6425.TW,6425,易發,TPEx
6426.TW,6426,統新,TWSE
6431.TW,6431,光麗-KY,TWSE
6432.TW,6432,今展科,TPEx
6435.TW,6435,大中,TPEx
6438.TW,6438,迅得,TWSE
6441.TW,6441,廣錠,TPEx
6442.TW,6442,光聖,TWSE
6443.TW,6443,元晶,TWSE
6446.TW,6446,藥華藥,TWSE
6449.TW,6449,鈺邦,TWSE
6451.TW,6451,訊芯-KY,TWSE
6456.TW,6456,GIS-KY,TWSE
6461.TW,6461,益得,TPEx
6462.TW,6462,神盾,TPEx
6464.TW,6464,台數科,TWSE
6465.TW,6465,威潤,TPEx
6469.TW,6469,大樹,TPEx
6470.TW,6470,宇智,TPEx
6472.TW,6472,保瑞,TWSE
6474.TW,6474,華豫寧,TPEx
6477.TW,6477,安集,TWSE
6482.TW,6482,弘煜科,TPEx
6485.TW,6485,點序,TPEx
6486.TW,6486,互動,TPEx
6488.TW,6488,環球晶,TPEx
6491.TW,6491,晶碩,TWSE
6492.TW,6492,生華科,TPEx
6494.TW,6494,九齊,TPEx
6496.TW,6496,科懋,TPEx
6498.TW,6498,久禾光,TPEx
6499.TW,6499,益安,TPEx
6504.TW,6504,南六,TWSE
6505.TW,6505,台塑化,TWSE
6506.TW,6506,雙邦,TPEx
6508.TW,6508,惠光,TPEx
6509.TW,6509,聚和,TPEx
6510.TW,6510,精測,TPEx
6512.TW,6512,啟發電,TPEx
6515.TW,6515,穎崴,TWSE
6516.TW,6516,勤崴國際,TPEx
6517.TW,6517,保勝光學,TPEx
6523.TW,6523,達爾膚,TPEx
6525.TW,6525,捷敏-KY,TWSE
6526.TW,6526,達發,TWSE
6527.TW,6527,明達醫,TPEx
6530.TW,6530,創威,TPEx
6531.TW,6531,愛普*,TWSE
6532.TW,6532,瑞耘,TPEx
6533.TW,6533,晶心科,TWSE
6534.TW,6534,正瀚-創,TWSE
6535.TW,6535,順藥,TPEx
6538.TW,6538,倉和,TPEx
6541.TW,6541,泰福-KY,TWSE
6542.TW,6542,隆中,TPEx
6546.TW,6546,正基,TPEx
6547.TW,6547,高端疫苗,TPEx
6548.TW,6548,長科*,TPEx
6550.TW,6550,北極星藥業-KY,TWSE
6552.TW,6552,易華電,TWSE
6556.TW,6556,勝品,TPEx
6558.TW,6558,興能高,TWSE
6560.TW,6560,欣普羅,TPEx
6561.TW,6561,是方,TPEx
6568.TW,6568,宏觀,TPEx
6569.TW,6569,醫揚,TPEx
6570.TW,6570,維田,TPEx
6573.TW,6573,虹揚-KY,TWSE
6574.TW,6574,霈方,TPEx
6576.TW,6576,逸達,TPEx
6577.TW,6577,勁豐,TPEx
6578.TW,6578,達邦蛋白,TPEx
6579.TW,6579,研揚,TWSE
6581.TW,6581,鋼聯,TWSE
6582.TW,6582,申豐,TWSE
6584.TW,6584,南俊國際,TPEx
6585.TW,6585,鼎基,TWSE
6588.TW,6588,東典光電,TPEx
6589.TW,6589,台康生技,TWSE
6590.TW,6590,普鴻,TPEx
6591.TW,6591,動力-KY,TWSE
6592.TW,6592,和潤企業,TWSE
6593.TW,6593,台灣銘板,TPEx
6596.TW,6596,寬宏藝術,TPEx
6597.TW,6597,立誠,TPEx
6598.TW,6598,ABC-KY,TWSE
6603.TW,6603,富強鑫,TPEx
6605.TW,6605,帝寶,TWSE
6606.TW,6606,建德工業,TWSE
6609.TW,6609,瀧澤科,TPEx
6612.TW,6612,奈米醫材,TPEx
6613.TW,6613,朋億*,TPEx
6614.TW,6614,資拓宏宇,TWSE
6615.TW,6615,慧智,TPEx
6616.TW,6616,特昇-KY,TPEx
6617.TW,6617,共信-KY,TPEx
6620.TW,6620,漢達,TPEx
6624.TW,6624,萬年清,TPEx
6625.TW,6625,必應,TWSE
6629.TW,6629,泰金-KY,TPEx
6637.TW,6637,醫影,TPEx
6640.TW,6640,均華,TPEx
6641.TW,6641,基士德-KY,TWSE
6642.TW,6642,富致,TPEx
6643.TW,6643,M31,TPEx
6645.TW,6645,金萬林-創,TWSE
6649.TW,6649,台生材,TPEx
6651.TW,6651,全宇昕,TPEx
6654.TW,6654,天正國際,TPEx
6655.TW,6655,科定,TWSE
6657.TW,6657,華安,TWSE
6658.TW,6658,聯策,TWSE
6661.TW,6661,威健生技,TPEx
6662.TW,6662,樂斯科,TPEx
6664.TW,6664,群翊,TPEx
6666.TW,6666,羅麗芬-KY,TWSE
6667.TW,6667,信紘科,TPEx
6668.TW,6668,中揚光,TWSE
6669.TW,6669,緯穎,TWSE
6670.TW,6670,復盛應用,TWSE
6671.TW,6671,三能-KY,TWSE
6672.TW,6672,騰輝電子-KY,TWSE
6674.TW,6674,鋐寶科技,TWSE
6679.TW,6679,鈺太,TPEx
6680.TW,6680,鑫創電子,TPEx
6683.TW,6683,雍智科技,TPEx
6684.TW,6684,安格,TPEx
6689.TW,6689,伊雲谷,TWSE
6690.TW,6690,安碁資訊,TPEx
6691.TW,6691,洋基工程,TWSE
6692.TW,6692,進能服,TPEx
6693.TW,6693,廣閎科,TPEx
6695.TW,6695,芯鼎,TWSE
6697.TW,6697,東捷資訊,TPEx
6698.TW,6698,旭暉應材,TWSE
6703.TW,6703,軒郁,TPEx
6706.TW,6706,惠特,TWSE
6708.TW,6708,天擎,TPEx
6712.TW,6712,長聖,TPEx
6715.TW,6715,嘉基,TWSE
6716.TW,6716,應廣,TPEx
6719.TW,6719,力智,TWSE
6720.TW,6720,久昌,TPEx
6721.TW,6721,信實,TPEx
6722.TW,6722,輝創,TWSE
6725.TW,6725,矽科宏晟,TPEx
6727.TW,6727,亞泰金屬,TPEx
6728.TW,6728,上洋,TPEx
6730.TW,6730,常廣,TPEx
6732.TW,6732,昇佳電子,TPEx
6733.TW,6733,博晟生醫,TPEx
6735.TW,6735,美達科技,TPEx
6739.TW,6739,竹陞科技,TPEx
6741.TW,6741,91APP*-KY,TPEx
6742.TW,6742,澤米,TWSE
6743.TW,6743,安普新,TWSE
6751.TW,6751,智聯服務,TPEx
6752.TW,6752,叡揚,TPEx
6753.TW,6753,龍德造船,TWSE
6754.TW,6754,匯僑設計,TWSE
6756.TW,6756,威鋒電子,TWSE
6757.TW,6757,台灣虎航,TWSE
6761.TW,6761,穩得,TPEx
6762.TW,6762,達亞,TPEx
6763.TW,6763,綠界科技*,TPEx
6767.TW,6767,台微醫,TPEx
6768.TW,6768,志強-KY,TWSE
6770.TW,6770,力積電,TWSE
6771.TW,6771,平和環保-創,TWSE
6776.TW,6776,展碁國際,TWSE
6781.TW,6781,AES-KY,TWSE
6782.TW,6782,視陽,TWSE
6785.TW,6785,昱展新藥,TPEx
6788.TW,6788,華景電,TPEx
6789.TW,6789,采鈺,TWSE
6790.TW,6790,永豐實,TWSE
6791.TW,6791,虎門科技,TPEx
6792.TW,6792,詠業,TWSE
6794.TW,6794,向榮生技,TWSE
6796.TW,6796,晉弘,TWSE
6799.TW,6799,來頡,TWSE
6803.TW,6803,崑鼎,TPEx
6804.TW,6804,明係,TPEx
6805.TW,6805,富世達,TWSE
6806.TW,6806,森崴能源,TWSE
6807.TW,6807,峰源-KY,TWSE
6811.TW,6811,宏碁資訊,TPEx
6821.TW,6821,聯寶,TPEx
6823.TW,6823,濾能,TPEx
6829.TW,6829,千附精密,TPEx
6830.TW,6830,汎銓,TWSE
6831.TW,6831,邁科,TWSE
6834.TW,6834,天二科技,TWSE
6835.TW,6835,圓裕,TWSE
6838.TW,6838,台新藥,TWSE
6840.TW,6840,東研信超,TPEx
6841.TW,6841,長佳智能,TPEx
6843.TW,6843,進典,TPEx
6844.TW,6844,諾貝兒,TPEx
6846.TW,6846,綠茵,TPEx
6854.TW,6854,錼創科技-KY創,TWSE
6855.TW,6855,數泓科,TPEx
6856.TW,6856,鑫傳,TPEx
6859.TW,6859,伯特光,TPEx
6861.TW,6861,睿生光電,TWSE
6862.TW,6862,三集瑞-KY,TWSE
6863.TW,6863,永道-KY,TWSE
6865.TW,6865,偉康科技,TPEx
6869.TW,6869,雲豹能源,TWSE
6870.TW,6870,騰雲,TPEx
6872.TW,6872,浩宇生醫,TPEx
6873.TW,6873,泓德能源,TWSE
6874.TW,6874,倍力,TPEx
6875.TW,6875,國邑*,TPEx
6877.TW,6877,鏵友益,TPEx
6881.TW,6881,潤德,TPEx
6884.TW,6884,海柏特,TPEx
6885.TW,6885,全福生技,TWSE
6887.TW,6887,寶綠特-KY,TWSE
6890.TW,6890,來億-KY,TWSE
6894.TW,6894,衛司特,TPEx
6895.TW,6895,宏碩系統,TPEx
6899.TW,6899,創為精密,TPEx
6901.TW,6901,鑽石投資,TWSE
6902.TW,6902,GOGOLOOK,TWSE
6903.TW,6903,巨漢,TPEx
6904.TW,6904,伯鑫,TPEx
6906.TW,6906,現觀科,TWSE
6907.TW,6907,雅特力-KY,TPEx
6908.TW,6908,宏碁遊戲-創,TWSE
6909.TW,6909,創控,TWSE
6910.TW,6910,德鴻,TPEx
6913.TW,6913,鴻呈,TPEx
6914.TW,6914,阜爾運通,TWSE
6916.TW,6916,華凌,TWSE
6918.TW,6918,愛派司,TWSE
6919.TW,6919,康霈*,TWSE
6921.TW,6921,嘉雨思-創,TWSE
6922.TW,6922,宸曜,TPEx
6923.TW,6923,中台,TWSE
6924.TW,6924,榮惠-KY創,TWSE
6925.TW,6925,意藍,TPEx
6928.TW,6928,攸泰科技,TWSE
6929.TW,6929,佑全,TPEx
6931.TW,6931,青松健康,TWSE
6933.TW,6933,AMAX-KY,TWSE
6934.TW,6934,心誠鎂,TWSE
6936.TW,6936,永鴻生技,TWSE
6937.TW,6937,天虹,TWSE
6944.TW,6944,兆聯實業,TWSE
6949.TW,6949,沛爾生醫-創,TWSE
6951.TW,6951,青新-創,TWSE
6952.TW,6952,大武山,TWSE
6953.TW,6953,家碩,TPEx
6955.TW,6955,邦睿生技-創,TWSE
6957.TW,6957,裕慶-KY,TWSE
6958.TW,6958,日盛台駿,TWSE
6961.TW,6961,旅天下,TPEx
6962.TW,6962,奕力-KY,TWSE
6965.TW,6965,中傑-KY,TWSE
6967.TW,6967,汎瑋材料,TPEx
6968.TW,6968,萬達寵物,TPEx
6969.TW,6969,成信實業*-創,TWSE
6971.TW,6971,惠民實業,TPEx
6982.TW,6982,大井泵浦,TPEx
6988.TW,6988,威力暘-創,TWSE
6994.TW,6994,富威電力,TWSE
6996.TW,6996,力領科技,TPEx
6997.TW,6997,博弘,TPEx
7402.TW,7402,邑錡,TPEx
7547.TW,7547,碩網,TPEx
7556.TW,7556,意德士科技,TPEx
7584.TW,7584,樂意,TPEx
7610.TW,7610,聯友金屬-創,TWSE
7631.TW,7631,聚賢研發-創,TWSE
7642.TW,7642,昶瑞機電,TPEx
7703.TW,7703,銳澤,TPEx
7704.TW,7704,明遠精密,TPEx
7705.TW,7705,三商餐飲,TWSE
7708.TW,7708,全家餐飲,TPEx
7709.TW,7709,榮田,TPEx
7711.TW,7711,永擎,TWSE
7712.TW,7712,博盛半導體,TPEx
7713.TW,7713,威力德生醫,TPEx
7714.TW,7714,創泓科技,TPEx
7715.TW,7715,裕山,TPEx
7716.TW,7716,昱臺國際,TPEx
7717.TW,7717,萊德光電-KY,TPEx
7718.TW,7718,友鋮,TPEx
7721.TW,7721,微程式,TWSE
7722.TW,7722,LINEPAY,TWSE
7723.TW,7723,築間,TPEx
7728.TW,7728,光焱科技,TPEx
7730.TW,7730,暉盛-創,TWSE
7732.TW,7732,金興精密,TWSE
7734.TW,7734,印能科技,TPEx
7736.TW,7736,虎山,TWSE
7738.TW,7738,東聯互動,TPEx
7740.TW,7740,熙特爾-創,TWSE
7743.TW,7743,金利食安,TPEx
7744.TW,7744,崴寶,TPEx
7747.TW,7747,昕奇雲端,TPEx
7749.TW,7749,意騰-KY,TWSE
7750.TW,7750,新代,TWSE
7751.TW,7751,竑騰,TPEx
7753.TW,7753,星亞,TPEx
7757.TW,7757,金色三麥,TPEx
7760.TW,7760,享溫馨,TWSE
7765.TW,7765,中華資安,TWSE
7767.TW,7767,仁大資訊,TPEx
7768.TW,7768,頌勝科技,TWSE
7769.TW,7769,鴻勁,TWSE
7770.TW,7770,君曜,TPEx
7772.TW,7772,耀穎,TPEx
7777.TW,7777,能率亞洲,TPEx
7780.TW,7780,大研生醫*,TWSE
7782.TW,7782,光速火箭,TPEx
7786.TW,7786,東方風能,TWSE
7788.TW,7788,松川精密,TWSE
7791.TW,7791,皇家可口,TWSE
7792.TW,7792,安葆,TPEx
7794.TW,7794,宏碁智新,TPEx
7795.TW,7795,長廣,TWSE
7799.TW,7799,禾榮科,TWSE
7805.TW,7805,威聯通,TPEx
7810.TW,7810,捷創科技,TPEx
7811.TW,7811,民盛,TPEx
7820.TW,7820,立盈,TPEx
7821.TW,7821,神數,TWSE
7822.TW,7822,倍利科,TWSE
7823.TW,7823,奧義賽博-KY創,TWSE
7828.TW,7828,創新服務,TPEx
7842.TW,7842,天能綠電,TPEx
8011.TW,8011,台通,TWSE
8016.TW,8016,矽創,TWSE
8021.TW,8021,尖點,TWSE
8024.TW,8024,佑華,TPEx
8027.TW,8027,鈦昇,TPEx
8028.TW,8028,昇陽半導體,TWSE
8032.TW,8032,光菱,TPEx
8033.TW,8033,雷虎,TWSE
8034.TW,8034,榮群,TPEx
8038.TW,8038,長園科,TPEx
8039.TW,8039,台虹,TWSE
8040.TW,8040,九暘,TPEx
8042.TW,8042,金山電,TPEx
8043.TW,8043,蜜望實,TPEx
8044.TW,8044,網家,TPEx
8045.TW,8045,達運光電,TWSE
8046.TW,8046,南電,TWSE
8047.TW,8047,星雲,TPEx
8048.TW,8048,德勝,TPEx
8049.TW,8049,晶采,TPEx
8050.TW,8050,廣積,TPEx
8054.TW,8054,安國,TPEx
8059.TW,8059,凱碩,TPEx
8064.TW,8064,東捷,TPEx
8066.TW,8066,來思達,TPEx
8067.TW,8067,志旭,TPEx
8068.TW,8068,全達,TPEx
8069.TW,8069,元太,TPEx
8070.TW,8070,長華*,TWSE
8071.TW,8071,能率網通,TPEx
8072.TW,8072,陞泰,TWSE
8074.TW,8074,鉅橡,TPEx
8076.TW,8076,伍豐,TPEx
8077.TW,8077,洛碁,TPEx
8080.TW,8080,泰霖,TPEx
8081.TW,8081,致新,TWSE
8083.TW,8083,瑞穎,TPEx
8084.TW,8084,巨虹,TPEx
8085.TW,8085,福華,TPEx
8086.TW,8086,宏捷科,TPEx
8087.TW,8087,麗升能源,TPEx
8088.TW,8088,品安,TPEx
8089.TW,8089,康全電訊,TPEx
8091.TW,8091,翔名,TPEx
8092.TW,8092,建暐,TPEx
8093.TW,8093,保銳,TPEx
8096.TW,8096,擎亞,TPEx
8097.TW,8097,常珵,TPEx
8099.TW,8099,大世科,TPEx
8101.TW,8101,華冠,TWSE
8102.TW,8102,傑霖科技,TPEx
8103.TW,8103,瀚荃,TWSE
8104.TW,8104,錸寶,TWSE
8105.TW,8105,凌巨,TWSE
8107.TW,8107,大億金茂,TPEx
8109.TW,8109,博大,TPEx
8110.TW,8110,華東,TWSE
8111.TW,8111,立碁,TPEx
8112.TW,8112,至上,TWSE
8114.TW,8114,振樺電,TWSE
8121.TW,8121,越峰,TPEx
8131.TW,8131,福懋科,TWSE
8147.TW,8147,正淩,TPEx
8150.TW,8150,南茂,TWSE
8155.TW,8155,博智,TPEx
8162.TW,8162,微矽電子-創,TWSE
8163.TW,8163,達方,TWSE
8171.TW,8171,天宇,TPEx
8176.TW,8176,智捷,TPEx
8182.TW,8182,加高,TPEx
8183.TW,8183,精星,TPEx
8201.TW,8201,無敵,TWSE
8210.TW,8210,勤誠,TWSE
8213.TW,8213,志超,TWSE
8215.TW,8215,明基材,TWSE
8222.TW,8222,寶一,TWSE
8227.TW,8227,巨有科技,TPEx
8234.TW,8234,新漢,TPEx
8240.TW,8240,華宏,TPEx
8249.TW,8249,菱光,TWSE
8255.TW,8255,朋程,TPEx
8261.TW,8261,富鼎,TWSE
8271.TW,8271,宇瞻,TWSE
8272.TW,8272,全景軟體,TPEx
8277.TW,8277,商丞,TPEx
8279.TW,8279,生展,TPEx
8284.TW,8284,三竹,TPEx
8289.TW,8289,泰藝,TPEx
8291.TW,8291,尚茂,TPEx
8299.TW,8299,群聯,TPEx
8341.TW,8341,日友,TWSE
8342.TW,8342,益張,TPEx
8349.TW,8349,恒耀國際,TPEx
8354.TW,8354,冠好,TPEx
8358.TW,8358,金居,TPEx
8367.TW,8367,建新國際,TWSE
8374.TW,8374,羅昇,TWSE
8383.TW,8383,千附,TPEx
8390.TW,8390,金益鼎,TPEx
8401.TW,8401,白紗科,TPEx
8403.TW,8403,盛弘,TPEx
8404.TW,8404,百和興業-KY,TWSE
8409.TW,8409,商之器,TPEx
8410.TW,8410,森田,TPEx
8411.TW,8411,福貞-KY,TWSE
8415.TW,8415,大國鋼,TPEx
8416.TW,8416,實威,TPEx
8421.TW,8421,旭源,TPEx
8422.TW,8422,可寧衛*,TWSE
8423.TW,8423,保綠-KY,TPEx
8424.TW,8424,惠普,TPEx
8426.TW,8426,紅木-KY,TPEx
8429.TW,8429,金麗-KY,TWSE
8431.TW,8431,匯鑽科,TPEx
8432.TW,8432,東生華,TPEx
8433.TW,8433,弘帆,TPEx
8435.TW,8435,鉅邁,TPEx
8436.TW,8436,大江,TPEx
8437.TW,8437,大地-KY,TPEx
8438.TW,8438,昶昕,TWSE
8440.TW,8440,綠電,TPEx
8442.TW,8442,威宏-KY,TWSE
8443.TW,8443,阿瘦,TWSE
8444.TW,8444,綠河-KY,TPEx
8446.TW,8446,華研,TPEx
8450.TW,8450,霹靂,TPEx
8454.TW,8454,富邦媒,TWSE
8455.TW,8455,大拓-KY,TPEx
8462.TW,8462,柏文,TWSE
8463.TW,8463,潤泰材,TWSE
8464.TW,8464,億豐,TWSE
8466.TW,8466,美吉吉-KY,TWSE
8467.TW,8467,波力-KY,TWSE
8472.TW,8472,夠麻吉,TPEx
8473.TW,8473,山林水,TWSE
8476.TW,8476,台境*,TWSE
8477.TW,8477,創業家,TPEx
8478.TW,8478,東哥遊艇,TWSE
8481.TW,8481,政伸,TWSE
8482.TW,8482,商億-KY,TWSE
8487.TW,8487,愛爾達-創,TWSE
8488.TW,8488,吉源-KY,TWSE
8489.TW,8489,三貝德,TPEx
8499.TW,8499,鼎炫-KY,TWSE
8905.TW,8905,裕國,TPEx
8906.TW,8906,花王,TPEx
8908.TW,8908,欣雄,TPEx
8916.TW,8916,光隆,TPEx
8917.TW,8917,欣泰,TPEx
8921.TW,8921,沈氏,TPEx
8923.TW,8923,時報,TPEx
8924.TW,8924,大田,TPEx
8926.TW,8926,台汽電,TWSE
8927.TW,8927,北基,TPEx
8928.TW,8928,鉅明,TPEx
8929.TW,8929,富堡,TPEx
8930.TW,8930,青鋼,TPEx
8931.TW,8931,大汽電,TPEx
8932.TW,8932,智通*,TPEx
8933.TW,8933,愛地雅,TPEx
8935.TW,8935,邦泰,TPEx
8936.TW,8936,國統,TPEx
8937.TW,8937,合騏*,TPEx
8938.TW,8938,明安,TPEx
8940.TW,8940,新天地,TWSE
8941.TW,8941,關中,TPEx
8942.TW,8942,森鉅,TPEx
8996.TW,8996,高力,TWSE
9103.TW,9103,美德醫療-DR,TWSE
9105.TW,9105,泰金寶-DR,TWSE
9110.TW,9110,越南控-DR,TWSE
9136.TW,9136,巨騰-DR,TWSE
9802.TW,9802,鈺齊-KY,TWSE
9902.TW,9902,台火,TWSE
9904.TW,9904,寶成,TWSE
9905.TW,9905,大華,TWSE
9906.TW,9906,欣巴巴,TWSE
9907.TW,9907,統一實,TWSE
9908.TW,9908,大台北,TWSE
9910.TW,9910,豐泰,TWSE
9911.TW,9911,櫻花,TWSE
9912.TW,9912,偉聯,TWSE
9914.TW,9914,美利達,TWSE
9917.TW,9917,中保科,TWSE
9918.TW,9918,欣天然,TWSE
9919.TW,9919,康那香,TWSE
9921.TW,9921,巨大,TWSE
9924.TW,9924,福興,TWSE
9925.TW,9925,新保,TWSE
9926.TW,9926,新海,TWSE
9927.TW,9927,泰銘,TWSE
9928.TW,9928,中視,TWSE
9929.TW,9929,秋雨,TWSE
9930.TW,9930,中聯資源,TWSE
9931.TW,9931,欣高,TWSE
9933.TW,9933,中鼎,TWSE
9934.TW,9934,成霖,TWSE
9935.TW,9935,慶豐富,TWSE
9937.TW,9937,全國,TWSE
9938.TW,9938,百和,TWSE
9939.TW,9939,宏全,TWSE
9940.TW,9940,信義,TWSE
9941.TW,9941,裕融,TWSE
9942.TW,9942,茂順,TWSE
9943.TW,9943,好樂迪,TWSE
9944.TW,9944,新麗,TWSE
9945.TW,9945,潤泰新,TWSE
9946.TW,9946,三發地產,TWSE
9949.TW,9949,琉園,TPEx
9950.TW,9950,萬國通,TPEx
9951.TW,9951,皇田,TPEx
9955.TW,9955,佳龍,TWSE
9958.TW,9958,世紀鋼,TWSE
9960.TW,9960,邁達康,TPEx
9962.TW,9962,有益,TPEx
